Name,Revenue,HQ Location,LinkedIn URL,Website,Company description,Country,Revenue_M,Main Broker,Main Insurer,Hubspot
ADEO,30417345000.0,"France, Hauts-de-france, Ronchin",https://www.linkedin.com/company/groupe-adeo,www.adeo.com,"ADEO is a leading international company in the home improvement and DIY sector, recognized as the largest in Europe and the third largest globally, with sales reaching ‚Ç¨30.7 billion in 2023. Operating a network of over 1,000 stores and online platforms across 20 countries, ADEO provides innovative solutions for home improvement projects, catering to both individual consumers and professionals. The company's mission, ""We make home a positive place to live,"" reflects its commitment to enhancing the quality of life through sustainable and accessible products and services. ADEO emphasizes sustainability and energy efficiency, focusing on responsible sourcing, waste reduction, and the promotion of second-hand goods as part of its commitment to a circular economy. The company collaborates with various partners, including the Solar Impulse Foundation, to develop eco-friendly solutions, while its brands, such as Leroy Merlin and Bricoman, integrate technology to optimize energy consumption in homes. With a workforce of 110,000 employees, ADEO fosters a culture of empowerment, inclusivity, and continuous learning, ensuring that its employees are well-equipped to meet the evolving needs of the market. ADEO serves a diverse clientele, including DIY enthusiasts, professional contractors, and various non-profit organizations, while actively engaging with local communities to promote environmental awareness and social responsibility. The company's vision encompasses a commitment to reducing its carbon footprint and promoting sustainable living, aligning with global sustainability goals to create a positive impact on both homes and the planet. Through initiatives like the ADEO Solidarity Fund, the company supports employees and their families facing difficult situations, reinforcing its dedication to community engagement. By prioritizing ethical practices and collaboration with suppliers and local artisans, ADEO aims to democratize access to quality habitat solutions, ensuring that its offerings are beneficial for both customers and the environment.",France,30417.345,,,
Castorama,2878027692.0,"France, Templemars, 59175",https://www.linkedin.com/company/castorama,emploi.castorama.fr,"Castorama is a leading home improvement retailer specializing in a comprehensive range of DIY products, home renovation materials, and gardening supplies. The company is dedicated to empowering customers to create and enhance their living spaces by providing high-quality tools, building materials, and expert advice. With a mission to make home improvement accessible to everyone, Castorama aims to inspire creativity and innovation in home projects while fostering a culture of sustainability. The company serves a diverse clientele, including homeowners, DIY enthusiasts, professional contractors, and interior designers, ensuring that it meets the varied needs of its customers. Castorama collaborates with various suppliers and manufacturers to offer a wide selection of products that cater to different tastes and budgets. Its target market includes individuals looking to undertake personal renovation projects, as well as professionals in the construction and landscaping industries seeking reliable materials for larger jobs. The company emphasizes customer satisfaction and actively engages in social responsibility initiatives, addressing issues such as environmental sustainability and community support. With over 50 years of experience in the industry, Castorama is committed to providing exceptional customer service and tailored solutions, including installation and project planning services. The brand's vision includes a focus on reducing its carbon footprint and promoting eco-friendly practices, making it a trusted partner for all home improvement needs. Through its extensive product offerings and dedication to quality, Castorama continues to be a vital player in the home improvement sector, inspiring customers to transform their homes into reflections of their individual styles and functionalities.",France,2878.027692,,,
Bricomarch√©,2820271375.0,"France, √éle-de-france, Paris",https://www.linkedin.com/company/bricomarche,www.bricomarche.com,"Bricomarch√© is a prominent retail chain specializing in home improvement and gardening supplies, offering a wide range of products including tools, garden equipment, and home maintenance items. The company's mission is to provide quality products at competitive prices, catering to both DIY enthusiasts and professional contractors. With a focus on customer satisfaction, Bricomarch√© aims to create a welcoming shopping experience through knowledgeable staff and a diverse product selection. Its target market includes homeowners, gardeners, and tradespeople, while its partnerships with various suppliers ensure a steady supply of reliable and innovative products. Bricomarch√© is committed to sustainability and community engagement, making it a trusted choice for customers looking to enhance their living spaces.",France,2820.271375,,,
BRICO D√âP√îT,1330898180.0,"France, √éle-de-france, Longpont-sur-orge, 30 Rue De La Tourelle, 91310",https://www.linkedin.com/company/51187,www.recrute.bricodepot.fr,"Brico D√©p√¥t is a leading retailer in the home improvement sector, specializing in the sale of building materials and home renovation products. The company is committed to providing an exceptional shopping experience for its customers, focusing on simplicity, sincerity, and proximity in its operations. With a diverse range of job opportunities across various sectors, including commerce, logistics, and digital, Brico D√©p√¥t aims to foster professional growth and development among its 9,000 employees in France. The company serves a wide clientele, from DIY enthusiasts to professional contractors, and partners with suppliers to ensure high-quality products at competitive prices. Brico D√©p√¥t also emphasizes its responsibility towards the environment through its ""Net Positive"" program, reflecting its dedication to sustainable practices in the retail industry.",France,1330.89818,,,
Bricorama France,1090545000.0,"France, √éle-de-france, Villiers-sur-marne, 21a Boulevard Jean Monnet, 94350",https://www.linkedin.com/company/bricorama-france,www.bricorama.fr,"Bricorama France is a prominent retail company specializing in home improvement and DIY products. The company aims to provide high-quality tools and materials to both professional and amateur builders, ensuring that customers have access to reliable and affordable solutions for their projects. Bricorama's product range includes a variety of items, from gardening tools to decorative stickers, catering to a diverse clientele that includes homeowners, DIY enthusiasts, and professionals in the construction industry. The company partners with reputable brands, such as Makita, to offer innovative and environmentally friendly products that enhance the user experience while minimizing ecological impact. With a commitment to customer satisfaction, Bricorama strives to be a go-to destination for all home improvement needs, fostering a community of creativity and craftsmanship.",France,1090.545,,,
ManoMano,287707871.0,"France, √éle-de-france, Paris",https://www.linkedin.com/company/manomano,www.manomano.fr,"ManoMano is a leading French e-commerce platform that specializes in DIY, home improvement, and gardening products. The company is dedicated to empowering both professionals and individual consumers by offering a vast selection of high-quality tools, materials, and home decor items. With a mission to make home improvement accessible and enjoyable, ManoMano serves over 7 million customers, including DIY enthusiasts and professional contractors. The platform simplifies the shopping experience by providing features such as free delivery and returns for up to 100 days, ensuring customer satisfaction and convenience. ManoMano collaborates with a diverse range of partners, including recognized brands and specialized vendors, to guarantee a wide array of products that meet various needs and preferences. The company emphasizes innovation and user experience, striving to create a seamless online shopping environment. Its vision is to become the go-to destination for all home and garden needs, fostering a vibrant community of passionate DIYers and home improvement aficionados. By focusing on quality, affordability, and exceptional service, ManoMano aims to solidify its position as the leader in the European online DIY market.",France,287.707871,,,
Wendel,49864500.0,"France, √éle-de-france, Paris",https://www.linkedin.com/company/wendellesespacesconfort,www.wendel.fr,"Wendel is a regional family-owned company specializing in home improvement and renovation solutions, offering a wide range of products including tiles, bathroom fixtures, heating and air conditioning systems, and flooring options. The company is dedicated to providing personalized service and expert advice to help clients realize their home projects, whether through in-store consultations or advanced 3D visualization services. Wendel partners with a network of qualified professionals to ensure seamless installation and customer satisfaction. With a commitment to quality and eco-friendly products, Wendel serves both individual homeowners and professionals in the construction and renovation sectors, aiming to create harmonious living spaces that enhance well-being.",France,49.8645,,,
HOZELOCK EXEL,39594059.0,"France, Auvergne-rh√¥ne-alpes, Arnas, 891 Route Des Fr√™nes, 69400",https://www.linkedin.com/company/26152707,www.hozelock-exel.fr,"C‚Äôest en plein c≈ìur du Beaujolais, que nous fabriquons et commercialisons une large gamme de produits pour le jardinage, le bricolage et le b√¢timent sous nos marques reconnues du grand public comme Hozelock, Berthoud et Laser Industrie. üë®üèΩüåæHozelock Exel, une entreprise du groupe familial Exel Industries. Suite au rachat de la soci√©t√© Hozelock par notre groupe en 2012, nous devenons un des principaux fabricants europ√©ens de mat√©riel de jardinage. ü•áLeader en pulv√©risation grand public et professionnelle en France. üêì√âgalement le seul fabricant fran√ßais dans cette cat√©gorie, ü•à N¬∞2 de l‚Äôarrosage grand public en France avec la marque Hozelock (ü•á N¬∞1 au Royaume-Uni). üå±Pr√©curseur et leader du jardinage au naturel : En 2017, c‚Äôest la naissance d‚ÄôHozelock PURE pour un jardinage toujours plus naturel. En 2021, Hozelock Exel a cr√©√© Nature With Us, une start-up proposant des produits √©cologiques sans plastique. En 2024, elle int√®gre cette initiative √† son nom, renfor√ßant son engagement pour des solutions √©coresponsables. üèÜChampions en mati√®re d‚Äôinnovation : Exel Industries a obtenu la 3e place au Palmar√®s des principaux d√©posants de brevets √† l‚ÄôINPI en 2021 et 2022 et figure dans le classement des 50 1ers d√©posants fran√ßais de brevets dans le monde. üí´ Un d√©ploiement constant : Synonyme de fiabilit√© et d√©veloppement, GF Garden, se profile en tant que pr√©curseur dans le d√©veloppement des mat√©riaux recycl√©s. La soci√©t√© italienne de jardinage, a rejoint le groupe en 2022. On retrouve alors des produits avec les m√™mes maitres mots : faciles d‚Äôutilisation, √©l√©gants et de haute qualit√©. En 2023, Devaux fait son entr√©e. Cette entreprise nous offre l'opportunit√© d'√©largir notre gamme d'outils de jardin, incluant des produits tels que la fourche √©cologique, ainsi que des articles orient√©s vers la chemin√©e (Ardufeu). Pr√™ts √† d√©couvrir vos outils de demain ? üòâ",France,39.594059,,,
Leroy Merlin Vannes-Theix,20999070.0,"France, Brittany, Theix-noyalo",https://www.linkedin.com/company/leroy-merlin-vannes-theix,www.leroymerlin.fr,"Magasin de bricolage, d√©coration, jardinage et am√©nagement de la maison.",France,20.99907,,,
DUCATILLON,20232870.0,"France, Hauts-de-france, Lesquin, 571 Rue De La Louvi√®re, 59810",https://www.linkedin.com/company/ducatillon,www.ducatillon.com,"VENTE A DISTANCE Fond√©e en 1997, DUCATILLON est le leader fran√ßais de la vente √† distance d‚Äôarticles de chasse, d‚Äô√©levage et de loisirs ext√©rieurs. La soci√©t√©, qui propose plus de 22.000 r√©f√©rences et qui compte plus de 500.000 clients, dispose d‚Äôun positionnement de multi-sp√©cialiste unique en France : v√™tements et accessoires de chasse, mat√©riel d‚Äô√©levage, articles de jardin, de cuisine, accessoires canins et mat√©riel de p√™che. Situ√©e √† Lesquin, dans le Nord de la France, la soci√©t√© distribue ses articles √† travers trois canaux de distribution compl√©mentaires, en vente √† distance (catalogues et e-commerce) et en magasin. DISTANCE SELLING Founded in 1997, DUCATILLON is the French leader in the distance selling of hunting, hobby farming, and outdoor leisure. Selling over 22.000 references, Ducatillon has over 500.000 customers and the company is positioned as a unique multi-specialist in France in the fields of hunting apparel and accessories, farming equipment, gardening tools, cookware, dog accessories and fishing equipment.",France,20.23287,,,
Outiror & Espace Trading,20195283.0,France,https://www.linkedin.com/company/outiror-&-espace-trading,www.outiror.com,"Two French companies (owned by a British turnaround PE fund) distributing a large range of do-it-yourself, gardening, tools, leisure products. Innovative, astute and practical products at reasonnable prices are offered through catalogs and then delivered in mid-size cities via large trucks.  Over 4 million customers in database, 2 web sites, 8 ""Oy√© Oy√©"" shops in French overseas territories.",France,20.195283,,,
C√¥t√© Fen√™tres,18880020.0,"France, Cugand, 85610",https://www.linkedin.com/company/c√¥t√©-fen√™tres,,"Am√©lioration de l'habitat - Sp√©cialiste de l'isolation Nous r√©pondons √† vos projets dans l'am√©lioration de votre habitat : - Fen√™tres - Porte d'entr√©e - Volets - Motorisation - Portail de garage - Portail de jardin et cl√¥ture - Isolation des combles - Isolation par ext√©rieur Nous intervenons dans les d√©partements suivants : 17,29,35,44,49,56,72,75,77,85,91,92,93,94 Vous pouvez nous retrouver et nous rendre visite dans nos agences : - Agence de Rennes - Agence de Vannes - Agence de Saint Nazaire - Agence du Mans - Agence de Cugand",France,18.88002,,,
SUPRA FRANCE,14049190.0,"France, Grand Est, Obernai",https://www.linkedin.com/company/supra-france,www.supra.fr,"SUPRA France, a subsidiary of TAURUS GROUP, is a leading manufacturer of high-quality heating solutions, specializing in the design and production of wood-burning inserts and fireplaces. Based in Obernai, France, the company is committed to providing innovative and efficient heating products that enhance comfort while adhering to strict environmental standards. SUPRA France's flagship product, the NEO 55E, exemplifies their dedication to quality, featuring advanced technology for optimal combustion and heat distribution. The company serves a diverse clientele, including homeowners, builders, and architects, and collaborates with various partners in the construction and home improvement sectors. With a focus on customer satisfaction, SUPRA France also offers comprehensive after-sales service and support, ensuring that clients receive the best possible experience with their heating solutions.",France,14.04919,,,
Bricofer,12315660.0,"France, Grand Est, Richwiller, 23 Rue De Kingersheim, 68120",https://www.linkedin.com/company/bricofer-68,www.bricofer.pro,"Bricofer est une soci√©t√© fran√ßaise de quincaillerie cr√©√©e en 1983 √† Richwiller, pr√®s de  Mulhouse.  Le travail du m√©tal est notre c≈ìur de m√©tier depuis la fondation des √©tablissements Stalder, en 1926. Nos produits sont propos√©s tout autant aux professionnels qu‚Äôaux particuliers. Cela fait donc plus de 30 ans que Bricofer vous propose une large gamme de produits de quincaillerie et que celui-ci fait √©galement office de magasin de bricolage.  En effet, diff√©rents types de profil√©s vous sont propos√©s tel qu‚Äôen acier ou en aluminium.  Nous rajouterons √©galement que nous commercialisons diff√©rents types de t√¥les (aluminium, perfor√©es, inox, ‚Ä¶).  Vous pouvez retrouver pareillement des services sp√©cialis√©s dans la serrurerie. Les avantages que cette quincaillerie vous propose sont la livraison, le d√©pannage et le service apr√®s-vente.",France,12.31566,,,
Guillebert,12297111.0,"France, Hauts-de-france, Ronchin, 3 Rue Jules Verne, 59790",https://www.linkedin.com/company/guillebert.naturellement.professionnels,www.guillebert.fr,"Fond√©e en 1923, la soci√©t√© Guillebert est aujourd'hui leader du march√© en mat√©riel d'√©lagage et outillage pour les professionnels des espaces verts en France. Avec un catalogue de plus de 9 000 r√©f√©rences, Guillebert propose la meilleure offre de mat√©riel de jardinage professionnel des espaces verts. Une force de vente de 20 commerciaux terrain et un Service Clients qui accompagnent les professionnels dans leurs choix d'outils et de mat√©riel de jardinage professionnel. Parce qu'en plus de 100 ans, nous avons eu le temps de parfaire notre expertise, nous pouvons dire que nous connaissons bien nos clients pour leur proposer des produits adapt√©s √† leurs besoins. Entreprise de conscience et besoin d'impact sur l'environnement, nos engagements sont les v√¥tres !",France,12.297111,,,
COP AMACO,11605589.0,"France, Nordhouse, 7-10 Rue Du Ch√™ne, 67150",https://www.linkedin.com/company/cop-amaco,cop-amaco.com,"D√©v√©loppeur d'espaces et int√©grateur de solutions au service des magasins depuis 1989. We are a French shopfitting turnkey solution provider serving our clients across multiple industries (food, non-food, sport, home improvement, etc.) since 1989.",France,11.605589,,,
Groupe Promotelec,9223833.0,"France, √éle-de-france, Courbevoie",https://www.linkedin.com/company/associationpromotelec,www.promotelec.com,"Promotelec brings together stakeholders from the electricity and construction sectors, as well as consumer associations, with a positioning focused on societal issues related to housing (electrical safety, energy performance of buildings, promotion of sustainable and renewable materials, promotion of home automation and connected objects, adaptation of housing to home support). Our action responds to several challenges: a safer, healthier, more connected, more sustainable, more suitable home. Promotelec informs and supports individuals, professionals, and local authorities in the design and implementation of their home improvement projects, in new or existing buildings, in both public and private housing. Our commitment is structured around several missions: For individuals: - Support the reflection and choice of comfort solutions in the home. - Advise the individual at all stages of the project: from the precise definition of their needs to the choice of a qualified professional. - Remind the basic rules to avoid domestic accidents and limit energy consumption. For professionals, specifiers and manufacturers: - Provide data and analyses on our priority themes - Contribute to technical expertise by offering practical and educational information on the standards and regulations in force in housing. - Support the electricity and construction sector on an economic and qualitative level by promoting qualified professionals and certified products. For communities: - Provide data and analyses on our priority themes - Participate in informing decision-making on construction or renovation projects thanks to official references recognized in the housing sector.",France,9.223833,,,
BRICOCERAM,9088316.0,"Martinique, Martinique, Le Lamentin, Zone Industrielle La Jambette, 97232",https://www.linkedin.com/company/bricoceram,www.bricoceram.com,"BRICOCERAM est un magasin de bricolage. Vous y retrouverez de l'outillage, quincaillerie et autres appareils √©lectriques (nettoyeurs haute pression, aspirateurs..), du carrelage pour les murs, le sol en ext√©rieur et en int√©rieur, de la peinture int√©rieure et ext√©rieure, des sanitaires (pack WC, bidet, vasque, douche‚Ä¶) et robinetterie, de la menuiserie alu et PVC, des espaces d√©co, jardin,etc.",Martinique,9.088316,,,
EBM DEMOLITION,9018196.0,"France, Pays De La Loire, Montrevault Sur Evre, 49110 Route De Saint-pierre-montlimart, 49110",https://www.linkedin.com/company/ebm-demolition,www.ebm-demolition.fr,"EBM, fait partie des entreprises qui ont suivi un parcours atypique... Apr√®s plusieurs m√©tiers dont la vente de mat√©riel de bricolage, les travaux de plomberie et d'√©lectricit√©, elle s'est sp√©cialis√©e dans la d√©construction de b√¢timent mais √©galement dans le d√©samiantage, r√©cup√©ration, tri et recyclage des mat√©riaux.  Notre objectif : Valoriser l'environnement !  N'h√©sitez pas √† nous solliciter pour tous vos travaux en zone urbaine ou rurale, industrielle, particuli√®re, de logements sociaux, de b√¢timents commerciaux ou recevant du public, EBM est √† votre disposition pour trouver des solutions r√©pondant √† vos contraintes.",France,9.018196,,,
Charpail,8906147.0,"France, Auvergne-rh√¥ne-alpes, Valence, 199 Avenue Des Aur√©ats Zi Sud, 26000",https://www.linkedin.com/company/charpail,www.charpail.com,"Charpail est un magasin de bricolage √† Valence, √©galement sp√©cialis√© dans l‚Äôoutillage et le mat√©riel de b√¢timent pour tous vos travaux, priv√©s ou publics. √Ä une √©poque o√π l‚Äôon valorise la proximit√© et les produits de qualit√©, Charpail, entreprise familiale valentinoise depuis trois g√©n√©rations, est votre interlocuteur privil√©gi√© en Dr√¥me Ard√®che. Si Charpail s‚Äôadresse d‚Äôabord aux professionnels (entreprises g√©n√©rales, BTP, travaux publics, espaces verts, couvertures charpentes, services techniques et municipaux), elle propose √©galement ses produits et services √† tout particulier souhaitant faire des travaux chez lui. Venez nous confier vos besoins en mat√©riels ou vos envies de d√©coration int√©rieure et nos vendeurs vous trouveront un produit de qualit√© professionnelle le plus adapt√©, en respectant votre budget. Ils vous apporteront des conseils techniques avis√©s pour mener vos projets √† bien. Charpail est ouvert √† tous. D√©co, Brico, Travaux‚Ä¶ Pour les particuliers et pour les pros. NOS VALEURS Chez Charpail, nous cultivons des principes tels que : La qualit√© des produits avant tout ! La disponibilit√© du produit La technicit√© du conseil Le sens du service",France,8.906147,,,
APREMIS,7401768.0,"France, Hauts-de-france, Amiens, 21 Rue Sully, 80000",https://www.linkedin.com/company/apremis,www.association-apremis.org,"APREMIS ‚Äì Accompagnement, Pr√©vention, R√©flexion et M√©diation pour l‚ÄôInsertion Sociale Bas√©e √† Amiens, l'association APREMIS ≈ìuvre depuis 1990 pour pr√©venir et combattre l'exclusion sociale, principalement dans le d√©partement de la Somme. Elle accompagne les personnes en situation de mal-logement ou exclues du logement, les personnes plac√©es sous main de justice ainsi que leur famille, et les personnes sollicitant la protection de la France apr√®s avoir d√ª fuir leur pays. Nos valeurs APREMIS s'engage √† : Favoriser l'insertion sociale et professionnelle des personnes en difficult√©. Promouvoir la dignit√©, la solidarit√© et l'autonomie. Analyser de mani√®re autonome les processus d'exclusion et l'impact des politiques publiques, en portant t√©moignage, en sensibilisant et en √©tant force de proposition aupr√®s de l'opinion et des responsables politiques . Nos prestations : L'association propose une gamme de services adapt√©s aux besoins des personnes accompagn√©es : H√©bergement et logement accompagn√©. Accompagnement social pour un logement adapt√©. Am√©lioration de l'habitat et lutte contre la pr√©carit√© √©nerg√©tique. Accueil et accompagnement des personnes migrantes. Actions socio-judiciaires. Insertion dans l'emploi. Relais Enfants-Parents. APREMIS est √©galement agr√©√©e en tant qu'Atelier Chantier d'Insertion (ACI), proposant des activit√©s dans les domaines du b√¢timent, des espaces verts, de la menuiserie, de la d√©coration, de la pl√¢trerie, et des services √† la personne. Pour en savoir plus sur nos actions et nos engagements, visitez notre site  web : www.association-apremis.org",France,7.401768,,,
Bricomarch√© Saumur,7068349.0,"France, Pays De La Loire, Saumur, 71 Boulevard Des Demoiselles, 49400",https://www.linkedin.com/company/bricomarche-saumur,www.bricomarche.com,"Bricomarch√© Saumur, votre magasin de bricolage situ√© dans la zone de St Lambert des Lev√©es, vous accueille toute l'ann√©e en tant que sp√©cialiste du bricolage, de l'am√©nagement de la maison et du jardinage. Avec notre √©quipe de conseillers √† l'√©coute, vous pourrez r√©aliser tous vos projets ! üòâ D√©couvrez notre magasin et ses diff√©rents univers : ‚Ä¢ Bricolage (outillage, quincaillerie, salle de bain, sol, menuiserie, chauffage, √©lectricit√©...), ‚Ä¢ Jardin (motoculture, am√©nagement ext√©rieur, arrosage, plantes...), ‚Ä¢ D√©co (peinture, luminaire, papier peint, mobilier, rideau...), ‚Ä¢ Bati (mat√©riaux de construction et d'isolation).",France,7.068349,,,
Pentagon Builders Merchants Ltd,6219923.0,"France, Occitanie, S√®te, Rue Des Pres Trading Estate, je2 7qt",https://www.linkedin.com/company/pentagon-builders-merchants,www.pentagon.je,"Established in 1977, we are a locally owned and managed Builders Merchant and are the Channel Island's leading stockist of building materials and home improvement products. Whether you are an Architect, Designer, Builder, Developer, or Homeowner, we offer a fast and reliable service for anything that you may require.",France,6.219923,,,
Plantes Et Jardins,6162299.0,France,https://www.linkedin.com/company/plantes-et-jardins,www.plantes-et-jardins.com,"Leader for gardening e-commerce and media on Internet in France. We offer 8000 plants and 5000 gardening products for sale and home delivery. And thousands of premium gardening contents : articles, advice, videos, Q&A, plant descriptions Part of Gamm Vert group.",France,6.162299,,,
Espace Bricolage,5807976.0,"France, Provence-alpes-c√¥te D'azur, Saint-blaise, 143 Chemin Du Rivage, 06670",https://www.linkedin.com/company/espace-bricolage,www.espace-bricolage.fr,"Espace-bricolage.fr est un site de vente en ligne sp√©cialiste en outils de bricolage. Notre site vous propose des milliers de r√©f√©rences produits parmi les plus grandes marques telles que Milwaukee, 3M, Makita, etc.  Que votre recherche soit port√© sur l'outillage, la quincaillerie, les rev√™tements et fixation, l'√©lectricit√© et m√™me l'automobile, vous trouverez sur notre site ce que vous recherchez avec la qualit√© et des prix attractifs  ! Notre √©quipe, met un point d'honneur en ce qui concerne la satisfaction de nos clients, c'est pourquoi, Espace Bricolage vous propose des fiches produits d√©taill√©es et des photos produits explicites afin de vous renseigner au mieux.   Nos conseillers sont √† votre √©coute par t√©l√©phone et par email pour √©changer avec vous ! A bient√¥t sur notre site www.espace-bricolage.fr",France,5.807976,,,
SWAP,5532439.0,"France, Occitanie, Cugnaux, 32 Rue Aristide Berg√®s, 31270",https://www.linkedin.com/company/swap-europe,swap-europe.com,"Notre mission : permettre √† tous de prolonger la vie de son outillage et aider chacun √† devenir acteur de la transition √©cologique. C‚Äôest √ßa, l‚Äô√©conomie circulaire ! En France, selon l'ADEME, ce sont 7.600 tondeuses qui tombent quotidiennement en panne. Sur ces 7.600 tondeuses, 3000 sont tous les jours jet√©es. C‚Äôest trop. Chez Swap, notre conviction profonde est qu‚Äôil est toujours pr√©f√©rable de faire durer plut√¥t que de jeter. Savez-vous que la plupart des pannes vient d‚Äôune simple pi√®ce d√©fectueuse ? Alors r√©parer, changer une pi√®ce, c‚Äôest peut-√™tre un geste simple, mais c‚Äôest surtout modifier nos habitudes.  Notre ambition (n'est pas des moindres üòÖ) : r√©parer tous les outils de bricolage et de jardin qui tombent en panne et ainsi √©conomiser + de 50 000 tonnes de CO2, chaque ann√©e ! Changer une pi√®ce, c‚Äôest changer tout. Swap-Europe, c‚Äôest aussi une entreprise d√©termin√©e √† faire bouger les lignes. Comment ? En int√©grant le mouvement GreenTech, un √©cosyst√®me num√©rique au service de la transition √©cologique. Et si vous souhaitez nous conna√Ætre un peu mieux et prendre part √† nos c√¥t√©s pour + de r√©parations et - de gaspillage, rendez-vous sur notre site https://swap-europe.com et notre blog ! A tr√®s vite ! L‚Äô√©quipe Swap-Europe",France,5.532439,,,
PAMI-Traitement,5410917.0,"France, Occitanie, Cambon, 14 Rue Marcel Dassault, 81990",https://www.linkedin.com/company/pami-traitement,www.pami-traitement.fr,"Traitement Anti-termites, Charpente, Bois - PAMI sp√©cialiste en protection et am√©lioration de l'habitat.",France,5.410917,,,
France Protect Services - Isolation Thermique,5233984.0,"France, Feyzin, 10 Rue Henri Becquerel, 69320",https://www.linkedin.com/company/franceprotectservices,franceprotectservices.fr,"France Protect Service, est une entreprise fran√ßaise sp√©cialis√©e dans am√©lioration de l'habitat et des performances √©nerg√©tiques. Forts de nos 7 Entrep√¥ts √† travers la France, de nos techniciens sp√©cialis√©s FPS est devenu rapidement un des leaders dans l'isolation en France, et plus particuli√®re pour la prise en charge des travaux d'isolation √† 1‚Ç¨ dans le cadre du dispositif CEE. Contactez nos √©quipes pour d√©couvrir les conditions d'√©ligibilit√© au programme d'Isolation √† 1‚Ç¨",France,5.233984,,,
P√©pini√®re La Colle Noire,5048820.0,"France, Montauroux, 2349 Cd37 La Colle Noire, 83440",https://www.linkedin.com/company/p√©pini√®re-la-colle-noire,pepiniere-lacollenoire.fr,"Situ√©e √† Montauroux dans le Var, la P√©pini√®re La Colle Noire propose une s√©lection de v√©g√©taux de grande qualit√© : gros sujets et arbres monumentaux, arbres et arbustes, fleuri, large gamme de poterie, mat√©riel de jardinage, etc.",France,5.04882,,,
Groupe Kawa,4948332.0,"France, √éle-de-france, Paris, 89-97 Avenue De Choisy, 75013",https://www.linkedin.com/company/groupe-kawa,kawa.fr,"Fond√© en 1983, le groupe familial KAWA g√®re d√®s sa cr√©ation 2 activit√©s, l'une d√©di√©e au n√©goce de th√©s et l'autre, sous l'entit√© KAWA CHR, √† la fourniture d'√©quipement pour la restauration et les collectivit√©s. Fort de son exp√©rience en import-export, le groupe se diversifie et cr√©e, en 1999, KSI, un d√©partement sp√©cialis√© dans les produits de second ≈ìuvre. Que ce soit dans les th√©s de Chine, l'√©quipement pour les restaurants ou encore le mat√©riel de bricolage, le groupe KAWA met tout en ≈ìuvre pour proposer √† ses clients, qu'ils soient particuliers ou professionnels, des produits de qualit√© r√©pondant √† leurs exigences. Gr√¢ce √† sa politique de suivi de gammes, KAWA a su fid√©liser sa client√®le. Depuis son site bas√© en r√©gion parisienne, KAWA livre la France et l'international. ‚Äî‚Äî‚Äî‚Äî‚Äî‚Äî‚Äî‚Äî‚Äî‚Äî‚Äî‚Äî‚Äî‚Äî‚Äî‚Äî‚Äî‚Äî‚Äî‚Äî‚Äî‚Äî‚Äî‚Äî SI√àGE & BUREAUX :  89-97 AVENUE DE CHOISY 75013 PARIS -FRANCE ENTREP√îTS & LOGISTIQUE :  149-167 RUE DE LA R√âPUBLIQUE 93000 BOBIGNY -FRANCE ‚Äî‚Äî‚Äî‚Äî‚Äî‚Äî‚Äî‚Äî‚Äî‚Äî‚Äî‚Äî‚Äî‚Äî‚Äî‚Äî‚Äî‚Äî‚Äî‚Äî‚Äî‚Äî‚Äî‚Äî",France,4.948332,,,
INNOSCAPE Retail Intelligence,4575180.0,"France, √éle-de-france, Paris, 64 Rue De Monceau, 75008",https://www.linkedin.com/company/innoscape---open-your-market-intelligence,www.innoscape.com,"Innoscape is a Big Data RetailTech start-up based in Paris and dedicated to the Market Intelligence of the Home improvement, DIY, Garden and Trade market segments. The Innoscape App provides real-time data-driven visibility on brick&mortar distribution channels and supports daily management of the Sales & Marketing functions. Sales teams on the field of leading B2C brands use Innoscape's SaaS application to:   - understand local performance;   - promote the adapted 20/80;   - track numeric distribution and fight against out-of-stock;   - follow referencing of new products;   - understand better the competitive landscape. They prepare their in-shop sales meetings, improve operational efficiency and optimise field interactions with retailers!     ---    ---    ---    ---    ---    ---    ---     Innoscape est une startup Big Data RetailTech d√©di√©e √† l‚Äôintelligence de march√© dans les segments Bricolage, Jardinage et N√©goce. L‚Äôapp Innoscape fournit de la visibilit√© num√©rique en temps r√©el sur les r√©seaux de distribution pour am√©liorer la performance op√©rationnelle des √©quipes commerciales et marketing de nombreuses marques B2C. Les √©quipes commerciales terrain utilisent l‚Äôapplication SaaS Innoscape pour :   - analyser la performance locale ;   - proposer un 20/80 adapt√© ;   - s‚Äôassurer de la bonne distribution num√©rique et lutter contre les ruptures ;   - suivre le d√©ploiement des nouveaux produits ;   - mieux comprendre l‚Äôenvironnement concurrentiel. Elles pr√©parent leurs visites en magasin, gagnent en efficacit√©s et am√©liorent leurs interactions avec les enseignes.",France,4.57518,,,
RMAN Sync,4515176.0,"France, Normandy, Bretteville-sur-odon, Quartier K≈ìnig, 14760",https://www.linkedin.com/company/rman-sync,rman-sync.com,"Created in 2019 in Normandy (Caen), RMAN Sync founders have been involved in the software industry for the home improvement market for over 10 years in France. Close to their customers, they identified the need to develop Deep Learning solutions to disrupt the way of conducting business and bring more performance to their organizations. The company was mentored by the Start-up Incubator ‚ÄúNormandie Incubation‚Äù and won a National Prize founded by the French Ministry of Education, Research and Innovation ‚ÄúI-Lab‚Äù in 2021.",France,4.515176,,,
ECLOZ,4456746.0,"France, Nouvelle-aquitaine, Pau, 53 Rue √âmile Guichenn√©, 64000",https://www.linkedin.com/company/ecloz-pau,ecloz-pau.org,"ECLOZ met en ≈ìuvre le droit √† l'emploi pour les ch√¥meurs de longue dur√©e.  C'est un processus partant du volontaire: ses comp√©tences, ses envies et projets, ses contraintes, ses capacit√©s. Vient aussi le territoire: qu'est ce qui est utile et non fait encore ?  Peut on contribuer √† la transition √©cologique, √† la coh√©sion sociale, √† la dynamisation √©conomique des quartiers ?  A partir de cela, en coop√©ration avec le territoire (collectivit√©s, associations, entreprises - en clair tous les acteurs embarqu√©s dans le projet TZCLD) et avec la participation active des ch√¥meurs volontaires, nous cr√©ons les activit√©s, les emplois qui n'existent pas.  Notre entreprise d√©marre son activit√© √† partir d'ao√ªt 2022, avec 6 activit√©s:  - un service de taxi-v√©lo, - un concept store recyclerie, - un d√©p√¥t location du mat√©riel de bricolage pour les particuliers - une prestation de service administratif aux associations  - des prestations pour les entreprises et les collectivit√©s au service du d√©veloppement durable  - un projet de cr√©ation d'une animation de quartier : un ours m√©canique pouvant transporter deux enfants sur son dos pour d√©ambuler le temps d'une promenade.",France,4.456746,,,
TOOLOUER,4309437.0,"France, √éle-de-france, Paris, 95 Rue De Charonne, 75011",https://www.linkedin.com/company/rs-locationfr,toolouer.com,"Toolouer (ex RSLocation) est une entreprise de location de mat√©riel BTP et bricolage, pour les entreprises, entrepreneurs, particuliers et artisans du b√¢timent.  Nous r√©pondons √† tous vos besoins : location de mat√©riel BTP - TP - gros oeuvre - second oeuvre - d√©molition - d√©samiantage. Mais aussi du petit mat√©riel de bricolage - r√©novation - d√©coration.  Ainsi que de la vente d'outillages - √©quipements de chantier. Depuis 40 ans, la soci√©t√© Toolouer a pu satisfaire tout type de client√®le : grandes entreprises, pme, collectivit√©s, pr√©fectures, communes, mairies, artisans, entreprise √©v√®nementiels, auto entrepreneur et particuliers.  Plusieurs points de location et de vente sur Paris et l‚Äô√Æle de France sont √† votre service : Paris 11 ‚Äì Paris 15 ‚Äì Paris 20 et Ivry-sur-Seine. Toolouer vous propose deux modes de livraisons : livraison sur le chantier (sur devis) et retrait dans l‚Äôun de nos magasins.",France,4.309437,,,
ADIL De Haute-Garonne,3390476.0,"France, Occitanie, Toulouse, 4 Rue Furgole, 31000",https://www.linkedin.com/company/adil-de-haute-garonne-31,www.adil31.org,"L‚ÄôADIL de la Haute-Garonne vous conseille gratuitement sur toutes vos questions li√©es au logement : - droit locatif  - droit de la copropri√©t√© - projet d'accession : question juridique ou financi√®re - am√©lioration de l'habitat, aides √† la r√©novation √©nerg√©tique - relations de voisinage - fiscalit√© relative au logement - urbanisme. L'ADIL 31 m√®ne, aux c√¥t√©s des acteurs publics, des actions sp√©cifiques de pr√©vention des expulsions locatives (üìû SOS Loyers impay√©s), de lutte contre l'habitat indigne (üìû SOS Habitat indigne) et d'accompagnement des copropri√©t√©s d√©grad√©es (üè¶ Ma Copro Bouge). L'ADIL 31 publie √©galement des supports d'information et des √©tudes sur l'habitat en Haute-Garonne.",France,3.390476,,,
Enix Energies,3129186.0,"France, Limonest, 314 All√©e Des Noisetiers, 69760",https://www.linkedin.com/company/enix-energies,www.enix-energies.co.uk,"ENIX ENERGIES, a leader in portable energy solutions, provides resellers, wholesalers, and specialized distributors with the broadest range of batteries, batteries, chargers, and portable lighting on the market.  For more than 30 years, Enix Energies has been active in the European autonomous energy market. Assignment  As a certified designer of batteries and personalized services, our mission is to provide the best solution for any request for autonomous energy, regardless of its complexity or technology.  Our business consists of manufacturing custom products or supplying specific products, as well as reconditioning old batteries for a sustainable and environment option. We are a distributor as well as a designer of cells and batteries. Our expertise is global, with a complete infrastructure that includes workshops, factories, logistics services, and R&D departments. Vision  We provide excellent service to electrical equipment resellers, wholesalers, and distributors. Our vision is to offer exceptional commercial service while also using cutting-edge next-generation technologies that will lead us to a more realistic strategy to power usage. Our intervention areas  We supply resellers from a variety of industries: - Industrial supplies - Electrical equipment - Home improvement store - Watches and jewelry - Outdoor activities and recreation - Personal safety equipment - Medical supplies - Automobile accessories. Values  Our actions are driven by performance, we choose products with the highest level of autonomy for maximum efficiency for you.  In order to control the impact on the environment, Enix Energies has been dedicated to a process of improvement, evaluation, quality assurance of its services and products since 2009, and is certified to ISO 9001 and ISO 14001 standard.",France,3.129186,,,
ATLANTIC FENETRES GUERANDAISES,3078915.0,"France, Pays De La Loire, Gu√©rande, 20 Rue Des Gu√©r√™ts, 44350",https://www.linkedin.com/company/atlantic-fenetres-guerandaises,fenetres-guerandaises.com,Entreprise de pose de menuiseries et am√©lioration de l'habitat sur la presqu'ile gu√©randaise.,France,3.078915,,,
Coop√©rative Agricole De Nice,3029292.0,"France, Provence-alpes-c√¥te D'azur, Carros, 1726 Route De La Z.a De La Grave, 06510",https://www.linkedin.com/company/coop√©rative-agricole-de-nice,www.coop-nice.fr,"Nous proposons aux professionnels comme aux particuliers un large choix d'outillages de jardin, du mat√©riel de : jardinage, r√©colte, protection et accessoires, traitement, terreaux, amendements et engrais, mat√©riel d‚Äôapiculture, √©levage, arrosage, cl√¥tures/cl√¥tures √©lectriques,  aliments animaux (basse cour, chien, chat, oiseau, cheval), semences diverses,.. Vous trouverez aussi un rayon motoculture : motoculteurs, tondeuses, d√©broussailleuses, tron√ßonneuses, broyeurs, souffleurs.. Nous vous proposons √©galement la r√©paration de vos machines dans notre Atelier M√©canique ainsi qu'un SAV.. Nous disposons d'un service livraison dans tout le 06 et d‚Äôun service de location de mat√©riels type Tondeuses, Broyeurs, Motoculteurs, etc.. La Coop√©rative Agricole de Nice (Centre M√©dit√©rran√©en de l‚ÄôAgriculture) est compos√© d√©sormais de 2 points de vente ouverts √† tous, le magasin principal est situ√© √† Carros 1726 Route de la ZA de la Grave (face aux pompiers), les deux autres magasins sont √† Nice au 690, Route de Grenoble et pour nos professionnels √©galement au MIN box 208 section fleurs..",France,3.029292,,,
Toulouse Location LJ,2920117.0,"France, Occitanie, Toulouse, 53 Boulevard De Thibaud, 31100",https://www.linkedin.com/company/toulouse-location,www.toulouselocation.fr,"Location, Vente et R√©paration de mat√©riel Distributeur Numatic France, Unger, Sutter Professional, Bona Location de mat√©riel de jardinage, nettoyage, b√¢timent, travaux publics, carottage, topographie, d√©tection Vente et Service Apr√®s Vente pour le mat√©riel de nettoyage (monobrosse, aspirateur, autolaveuse, chariot de m√©nage et collecte), mat√©riel de vitrerie classique et eau pure (HiFlo Unger), produits pour le parquet, terrasses (vernis, huiles de protection), produits nettoyants classique et Ecolabel pour l'entretien de tout type de sols (bois, carrelage, b√©ton, cuisine, sanitaires, lave-vaisselle, lave-linge, ...) Nous avons une √©quipe de techniciens √† votre service avec le meilleur conseil au meilleur prix",France,2.920117,,,
Aux Cl√©s Du Jardin,1946744.0,"France, √éle-de-france, Br√©tigny-sur-orge, 11 Chemin Des Champcueils, 91220",https://www.linkedin.com/company/aux-cl√©s-du-jardin,www.auxclesdujardin.fr,"Entreprise d‚Äôinsertion sociale et solidaire, Aux Cl√©s du Jardin propose d‚Äôentretenir, de r√©parer les machines et outils de jardin. Elle favorise l‚Äôacc√®s de tous √† des services de qualit√© et bon march√©. Au c≈ìur de l‚ÄôEssonne, un v√©ritable ancrage dans la solidarit√© de proximit√© ouvert sur l‚Äôavenir. Notre ambition: contribuer au maintien d‚Äôune certaine qualit√© de vie des utilisateurs, les accompagner pour pr√©venir un basculement vers la pauvret√©, favoriser l‚Äôacc√®s √† un emploi durable via la formation. Notre objectif: placer la d√©marche √©cologique au c≈ìur du quotidien. R√©concilier l‚Äôentreprise et l‚Äôinsertion: un vrai d√©fi √©conomique et social. Aux Cl√©s du Jardin, entreprise d‚Äôinsertion par l‚Äô√©conomie √† Br√©tigny-sur-Orge- forme et recrute les membres de son √©quipe. Elle permet √† chacun de d√©velopper ses comp√©tences, notamment en m√©canique, stimuler ses capacit√©s et se d√©couvrir humainement. L‚Äôentreprise s‚Äôengage √©galement √† innover pour cr√©er de nouveaux emplois, et devenir un partenaire essentiel dans le paysage √©conomique local. Savoir que l‚Äôon est utile par le travail Se rencontrer le temps d‚Äôun atelier d'auto-r√©paration, une vraie d√©couverte pour certains, une confirmation pour les autres. R√©aliser une activit√© dans un cadre collaboratif interg√©n√©rationnel et interprofessionnel permet des √©changes constructifs sur tous sujets. Cr√©er des nouvelles relations, r√©parer son outil de jardinage de ses mains, faire soi-m√™me... Aux Cl√©s du Jardin offre l‚Äôoccasion aux clients de se d√©passer. Et permet √† ses √©quipes de d√©couvrir le plaisir de partager des connaissances pour apprendre √† faire.",France,1.946744,,,
Tramontina France,1738276.0,"France, Centre, Orl√©ans, 3 Rue Pierre-gilles De Gennes, 45000",https://www.linkedin.com/company/tramontina-france,tramontina.fr,"Fond√©e en 1911 au Br√©sil, Tramontina est une marque internationale avec plus de 100 ans d'exp√©rience dans la fabrication de produits du quotidien haut de gamme.  Tramontina propose √† son public de professionnels et d'amateurs une large gamme de plus de 22.000 produits ‚Äì dont notamment la coutellerie, les ustensiles de cuisine, la vaisselle en porcelaine, les meubles et les outils de jardinage.  Notre bureau en France nous permet de travailler en tandem avec nos clients, offrant la flexibilit√© et les solutions dont ils ont besoin, et nous sommes fiers de nos bonnes relations et de notre service client ainsi que de nos valeurs √©thiques et de nos engagements √©cologiques.",France,1.738276,,,
LOCOUTILS,1560700.0,"France, Brittany, Brest, 29200 Rue Du S√©nateur Pichon, 29200",https://www.linkedin.com/company/loc-outils,www.loc-outils.com,"La soci√©t√© LOCOUTILS est sp√©cialis√©e dans la location, la vente et la r√©paration de mat√©riel : -Gros-oeuvre : nacelles, mini pelles, b√©tonni√®res etc. -Second-oeuvre : perceuses, remorques, broyeurs, tron√ßonneuses et outillages etc. -Industrie : chariots √©l√©vateurs, transpalettes, autolaveuses, nettoyeurs haute pression etc. Bas√©e √† Brest (29), l'√©quipe vous accueille et vous guide dans le choix d'un mat√©riel adapt√© √† vos besoins. Depuis 1976, pour les professionnels et les particuliers, Locoutils, situ√© au port de commerce √† Brest, propose √† la vente ou √† la location une large gamme de mat√©riel : mat√©riel de jardinage et de paysagiste, mat√©riel pour vos travaux d'int√©rieur, travaux en b√¢timent et gros-oeuvre, mat√©riel pour le terrassement et l'am√©nagement ext√©rieur, ainsi que pour la manutention et l'√©l√©vation.",France,1.5607,,,
Barreau Motoculture,1361090.0,"France, Pays De La Loire, Challans, Square Joseph Cugnot, 85300",https://www.linkedin.com/company/barreau-motoculture,www.barreaumotoculture.fr,"Barreau Motoculture situ√© √† Challans en Vend√©e est au service des professionnels et des particuliers dans le domaine de la location, la vente et la r√©paration de motoculture de plaisance toutes marques, de tondeuses, de tron√ßonneuses... Nous vous proposons aussi la vente et la location de remorques de tourisme et des remorques professionnelles. De plus, nous mettons √† votre disposition un large choix de mat√©riel de jardinage et de motoculture de plaisance (d√©broussailleuses, engazonneuses, fendeuses de b√ªches, nettoyeurs haute pression, souffleurs, aspirateurs, taille-haies...).",France,1.36109,,,
Jardi D'Jo,1319535.0,"France, Bourgogne-franche-comt√©, Beaune, 3 Rue Des Plantes, 45340",https://www.linkedin.com/company/jardi-d'jo,www.jardidjo.fr,"Home International, a company founded in the Loiret region of France over 25 years ago, has launched Jardi d‚ÄôJo¬Æ, a comprehensive line of gardening products and solutions for outdoor spaces. Created by Roger, an experienced home gardener, and Home International, Jardi d‚ÄôJo is an environmentally-sound line of products designed to make gardening more fun. Jardi d‚ÄôJo felts are made in France with fibres produced from recycled plastic bottles. They can be used for several years and recycled at the end of their useful life. In developing this innovative line of felt-based products and solutions for outdoor spaces, Jardi d‚ÄôJo sought to reduce watering frequencies, curtail water use and preserve the richness of our lands, as well as protect patios and balconies from barbecuing hazards. Jardi d‚ÄôJo offers consumers a full line of innovative solutions, including products for vegetable gardens, garden boxes, garden patches and flower pots, as well as surface protection products for barbecuing that will help you enjoy your outdoor spaces while simplifying garden upkeep and preserving natural resources. The main advantages of our products include moisture retention, gardening without weeding or phytosanitary treatments, better yields, neater gardens, as well as clean and protected outdoor flooring.",France,1.319535,,,
SOGWAC,1313748.0,"France, Les Abymes, 56 Les Seuils, 97139",https://www.linkedin.com/company/sogwac,www.sogwac.fr,"Constructeur de Maisons Individuelles CCMI. Op√©rateur en Logement Social, et Am√©lioration de l'Habitat. R√©novation de Maisons.",France,1.313748,,,
Institut Commercial Du B√¢timent,1184718.0,"France, Pays De La Loire, Gu√©rande, Rue Benjamin Le Tilly, 44350",https://www.linkedin.com/company/icb-formation,www.icb-formation.com,"Partenaire privil√©gi√© des entreprises des secteurs du b√¢timent, l‚ÄôInstitut Commercial du B√¢timent a √©t√© fond√© en 2001. L‚ÄôICB d√©veloppe et propose des actions de conseil, de recrutement et de formation en alternance, dans la fonction technico-commerciale b√¢timent.  Les partenaires de l‚ÄôICB sont issus de secteurs √† la fois diff√©rents et compl√©mentaires : n√©goces, fabricants, quincailleries, distributeurs sp√©cialis√©s, mat√©riel BTP, am√©lioration de l'habitat. Ils b√©n√©ficient pendant et apr√®s la formation d'un r√©seau de comp√©tences. D‚Äôanciens √©l√®ves, dirigeants d'entreprises, transmettent r√©guli√®rement leur savoir-faire et proposent des postes de technico-commerciaux en alternance aux nouveaux ICBiens.",France,1.184718,,,
Bricoth√®que La Chignole,1114186.0,"France, Crest, 6a Chemin Du Grand Saint Jean, 26400",https://www.linkedin.com/company/bricotheque-la-chignole,www.lachignole.org,"L‚Äôassociation La Chignole veut faciliter le bricolage dans la vall√©e de la Dr√¥me, et favoriser la r√©duction de nos d√©chets par le r√©emploi, le lien social, l‚Äô√©change de savoir-faire et la cr√©ativit√©. Sur place, vous trouverez trois espaces distincts : 	 La Mat√©riauth√®que C‚Äôest la recyclerie, o√π on revend des mat√©riaux issus de la r√©cup√©ration, qui sont fournis par des particuliers ou des professionnels. Chaque ann√©e, on d√©tourne ainsi quelques tonnes de la d√©chetterie. L'Outilth√®que On mutualise des outils de bricolage et de jardinage qui nous ont √©t√© pr√™t√©s ou donn√©s. On les r√©pare et les pr√™te, √† prix modiques. Le bricolage devient accessible au plus grand nombre. L'atelier partag√© Notre espace de bricolage accueille des ateliers et des formations o√π les savoir-faire sont partag√©s. Il est √©galement accessible en libre-service. On r√©alise √©galement des chantiers participatifs avec des partenaires ext√©rieurs.",France,1.114186,,,
Leboost Habitat,1111842.0,France,https://www.linkedin.com/company/leboost-habitat,www.leboost-habitat.fr,"Pour les professionnels de l'habitat, leboost habitat fait savoir vos savoir-faire et vous accompagne dans votre d√©veloppement commercial.  Pour les particuliers, choisir les meilleurs professionnels pour vos travaux de r√©novation, construction, am√©lioration de l'habitat, d√©coration.",France,1.111842,,,
Plan√®te Ener-J,1043062.0,"France, √éle-de-france, Villenoy",https://www.linkedin.com/company/planeteener-j,www.planeteener-j.fr,"""Plan√®te Ener-J apporte une r√©ponse pertinente aux attentes des particuliers propri√©taires de leur maison qui font de leur r√©novation une v√©ritable source de confort et d'√©conomie d'√©nergie.""  Plan√®te Ener-J est le 1er Op√©rateur global Solidaire et Social en r√©novation √©nerg√©tique et en am√©lioration de l'habitat en France.    Nous sommes implant√©s en Seine-et-Marne Nord, √† Villenoy.   Nos activit√©s sont les √©tudes thermiques, financi√®res et techniques de travaux de r√©novation √©nerg√©tique de logements individuels, la r√©alisation de travaux d‚Äôisolation, de chauffage, de ventilation, d'eau chaude sanitaire et d'am√©lioration de la performance √©nerg√©tique de l'habitat assur√©s par nos salari√©s poseurs dans un rayon de 100 km autour de Villenoy.  Plan√®te Ener-J met √† votre enti√®re disposition ses conseils, son expertise et ses comp√©tences pour r√©aliser des √©conomies d‚Äô√©nergie, entretenir votre maison et agir pour la sauvegarde de notre environnement.   Nous avons fait le choix d'une offre honn√™te, de la plus haute qualit√© √† un prix √©quitable pour garantir votre pleine satisfaction ainsi que votre confort. Et le tout, cl√©-en-main!   Concr√®tement, nous vous proposer de r√©aliser votre projet de r√©novation √©nerg√©tique de A √† Z, du conseil, au montage du dossier, en passant par les travaux  jusqu'√† la r√©ception du chantier, et nous avons pouss√© plus loin encore gr√¢ce au carnet de sant√© de votre habitat et au service apr√®s-vente ""Plan√®te Confiance"" !    Notre objectif est de changer la mani√®re dont on entreprend ses travaux de r√©novation √©nerg√©tique. D'agir main dans la main avec vous, nos clients. Et surtout de d√©mocratiser toute forme d'action pour lutter contre la pr√©carit√© √©nerg√©tique et lutter contre le r√©chauffement climatique.                                                ""Parce que tout le monde a droit au confort chez soi""",France,1.043062,,,
La Fabriculture,1043062.0,"France, Moyraz√®s, 10 Rue Croix Du Verdier, 12160",https://www.linkedin.com/company/la-fabriculture,www.lafabriculture.fr,"La Fabriculture is a machinery company based in Moyraz√®s in Aveyron, France. Created by Vincent Legris in 2012 in Normandy, the company moved in Aveyron in  2017 and Pascal partenered with Vincent in 2019. We conceive, build and sell gardening tools for a new agriculture, ironworks and we are subcontractors for factories, associations, inventors. Our creations leaves room for imagination, creativity and gives birth to special products with a total control over the production cycle : design, manufacturing, powder coating, shipping and/or installation. We work for individuals, professionals and associations. Our production is handworked and we strive toward quality and durability !",France,1.043062,,,
Naury Mat√©riaux,777490.0,"France, Aurions-idernes, 4 Chemin D√©partement, 64350",https://www.linkedin.com/company/naury-materiaux,www.naury-materiaux.fr,"Sp√©cialis√©s dans le n√©goce de mat√©riaux de construction, nous vous proposons des produits de qualit√© √† des prix comp√©titifs.  Gros ≈ìuvre, charpente/couverture, pl√¢trerie/isolation, assainissement, tous les secteurs d‚Äôactivit√©s sont repr√©sent√©s.  Un magasin de bricolage/outillage accompagne vos travaux du particulier au professionnel. Allez chez Naury, c‚Äôest la qualit√© √† proximit√© . . . Vous √™tes un particulier, un professionnel, une collectivit√© ? Venez d√©couvrir toutes nos prestations et nos mat√©riaux ! Laissez-nous vous accompagner sur tous vos projets de construction ! √âtudions ensemble vos besoins et nous vous livrons sur vos chantiers si besoin ! Nous sommes √† votre service et votre disposition...  Pour vos informations & devis contactez Benoit : - 07.88.29.13.08 - b.paloque@naury-materiaux.fr ETS NAURY - 4 CD 219 - 64350 Aurions-Idernes",France,0.77749,,,
PF&H EURL,531198.0,"France, Grand Est, Sierentz, 46 Rue Rogg-haas, 68510",https://www.linkedin.com/company/pf-h-eurl,couleursjapon.com,"Japanese fabrics, embroidery and DIY products import and sales to the general public as well as to small shops and fashion professionals.",France,0.531198,,,
REVERS Atelier D'architecture,510211.0,"France, √éle-de-france, Paris",https://www.linkedin.com/company/revers-architecte,www.reversarchitecte.com,"L'atelier d'architecture REVERS est n√© √† Paris en 2018 et s'est re-localis√© √† Montrouge et √† Toulouse en 2021.¬† Le travail de l'atelier est nourri des sites contraints qu'il investit : copropri√©t√©s dans Paris intramuros, immeubles haussmanniens, village class√© au patrimoine mondial de l'UNESCO, maisons de villes, zones agricoles et rurales ; et des programmes hybrides qui s'y installent :¬† logement modulable, boutique de v√©los √©lectriques, coliving, magasin de jardinage √©cologique, g√Æte d'accueil p√®lerin sur le GR65, √©colieu, habitat en bois, terrasse suspendue. L'exp√©rience de l'atelier se construit √† la rencontre de ma√Ætrises d'ouvrages atypiques et enthousiastes¬†: syndicats de copropri√©t√©s, enseignants, artistes, commer√ßants, g√©rants d'un g√Æte, entreprises inqui√®tes de leur empreinte √©cologique ;¬†et s'affine, en confiance, avec un r√©seau d'entreprises exp√©riment√©es, constitu√© au fils des ann√©es de chantier.",France,0.510211,,,
Groupe InCA,324359.0,"France, Artigues Pres Bordeaux, 4 Bis All√©e De L'eglise Romane, 33370",https://www.linkedin.com/company/groupe-inca,www.groupe-inca.fr,"Implant√© depuis 1954 en Nouvelle Aquitaine, le groupe InCA, en s‚Äôattachant √† toujours satisfaire ses clients, est devenu un acteur incontournable de la construction de maisons individuelles et de l'am√©lioration de l'habitat. Aujourd‚Äôhui, c‚Äôest plus de 20 000 familles qui ont d√©j√† fait confiance aux diff√©rentes marques qui composent le groupe. InCA articule son offre autour de trois activit√©s: - DCA : construction de maisons individuelles pour les particuliers apr√®s signature d'un CCMI ; - REnO2 : r√©novation, extensions, am√©lioration de l'habitat et photovolta√Øque ; - Rouqui√© Constructions Pro : contruction de b√¢timents d'habitation ou de locaux professionnels pour les professionnels ou les collectivit√©s. Le regard tourn√© vers l‚Äôavenir, √† l‚Äô√©coute de leurs clients et du monde qui les entoure, les √©quipes InCA s‚Äôattachent √† contribuer aux √©volutions de l‚Äôhabitat par l‚Äôanalyse des enjeux soci√©taux de demain.  Fort de ses 90 collaborateurs et port√© par des valeurs humaines fortes, le groupe InCA continue de se r√©inventer avec une id√©e claire : construire pour l‚Äôavenir.",France,0.324359,,,
